{
    "overall": {
        "accuracy": 0.9777777777777779,
        "precision": 0.9696969696969697,
        "recall": 0.9666666666666667,
        "specificity": 0.9833333333333334,
        "negative_predictive_value": 0.9841269841269842,
        "false_discovery_rate": 0.030303030303030314,
        "miss_rate": 0.033333333333333326,
        "fall_out": 0.01666666666666668,
        "false_omission_rate": 0.01587301587301589,
        "f1_score": 0.9665831244778613,
        "mcc": 0.9517134923523788,
        "informedness": 0.9499999999999998,
        "markedness": 0.9538239538239539,
        "true_positives": 29,
        "true_negatives": 58,
        "false_positives": 1,
        "false_negatives": 1,
        "cardinality": 30
    },
    "label": {
        "Iris-setosa": {
            "accuracy": 1,
            "precision": 1,
            "recall": 1,
            "specificity": 1,
            "negative_predictive_value": 1,
            "false_discovery_rate": 0,
            "miss_rate": 0,
            "fall_out": 0,
            "false_omission_rate": 0,
            "f1_score": 1,
            "informedness": 1,
            "markedness": 1,
            "mcc": 1,
            "true_positives": 10,
            "true_negatives": 19,
            "false_positives": 0,
            "false_negatives": 0,
            "cardinality": 10,
            "density": 0.3333333333333333
        },
        "Iris-virginica": {
            "accuracy": 0.9666666666666667,
            "precision": 0.9090909090909091,
            "recall": 1,
            "specificity": 0.95,
            "negative_predictive_value": 1,
            "false_discovery_rate": 0.09090909090909094,
            "miss_rate": 0,
            "fall_out": 0.050000000000000044,
            "false_omission_rate": 0,
            "f1_score": 0.9523809523809523,
            "informedness": 0.95,
            "markedness": 0.9090909090909092,
            "mcc": 0.929320377284585,
            "true_positives": 10,
            "true_negatives": 19,
            "false_positives": 1,
            "false_negatives": 0,
            "cardinality": 10,
            "density": 0.3333333333333333
        },
        "Iris-versicolor": {
            "accuracy": 0.9666666666666667,
            "precision": 1,
            "recall": 0.9,
            "specificity": 1,
            "negative_predictive_value": 0.9523809523809523,
            "false_discovery_rate": 0,
            "miss_rate": 0.09999999999999998,
            "fall_out": 0,
            "false_omission_rate": 0.04761904761904767,
            "f1_score": 0.9473684210526316,
            "informedness": 0.8999999999999999,
            "markedness": 0.9523809523809523,
            "mcc": 0.9258200997725514,
            "true_positives": 9,
            "true_negatives": 20,
            "false_positives": 0,
            "false_negatives": 1,
            "cardinality": 10,
            "density": 0.3333333333333333
        }
    }
}